Jefferson,Sessions,AL,Qualified,12/24/1946,202-224-4124,http://www.sessions.senate.gov/public/index.cfm/contact-jeff
Robert,Aderholt,AL,Qualified,7/22/1965,202-225-4876,http://aderholt.house.gov/email-me2/
Mo,Brooks,AL,Qualified,4/29/1954,202-225-4801,https://brooks.house.gov/email-me
Martha,Roby,AL,Qualified,7/27/1976,202-225-2901,https://roby.house.gov/contact-me
Mike,Rogers,AL,Qualified,7/16/1958,202-225-3261,http://mikerogers.house.gov/contact-mike/email-me
Terri,Sewell,AL,Qualified,1/1/1965,202-225-2665,https://sewell.house.gov/email-me
Richard,Shelby,AL,Qualified,5/6/1934,202-224-5744,http://www.shelby.senate.gov/public/index.cfm/emailsenatorshelby
Bradley,Byrne,AL,Qualified,2/16/1955,202-225-4931,https://byrne.house.gov/contact/email-me
Gary,Palmer,AL,Qualified,5/14/1954,202-225-4921,
Lisa,Murkowski,AK,Qualified,5/22/1957,202-224-6665,http://www.murkowski.senate.gov/public/index.cfm?p=EMailLisa
Don,Young,AK,Qualified,6/9/1933,202-225-5765,https://donyoung.house.gov/forms/writeyourrep/
Dan,Sullivan,AK,Qualified,11/13/1964,202-224-3004,
Jeff,Flake,AZ,Qualified,12/31/1962,202-224-4521,http://www.flake.senate.gov/contact.cfm
Trent,Franks,AZ,Qualified,6/19/1957,202-225-4576,https://franks.house.gov/contact-me/email-me
Paul,Gosar,AZ,Qualified,11/22/1958,202-225-2315,https://gosar.house.gov/contact-me/email-me
Raúl,Grijalva,AZ,Qualified,2/19/1948,202-225-2435,https://grijalvaforms.house.gov/email-raul
John,McCain,AZ,Qualified,8/29/1936,202-224-2235,http://www.mccain.senate.gov/public/index.cfm/contact-form
David,Schweikert,AZ,Qualified,3/3/1962,202-225-2190,https://schweikert.house.gov/contact-form
Matt,Salmon,AZ,Qualified,1/21/1958,202-225-2635,https://salmon.house.gov/contact/email-me
Ann,Kirkpatrick,AZ,Qualified,3/24/1950,202-225-3361,https://kirkpatrick.house.gov/contact/email-me
Kyrsten,Sinema,AZ,Qualified,7/12/1976,202-225-9888,https://sinemaforms.house.gov/forms/writeyourrep/
Martha,McSally,AZ,Qualified,3/22/1966,202-225-2542,
Ruben,Gallego,AZ,Qualified,11/20/1979,202-225-4065,
John,Boozman,AR,Qualified,12/10/1950,202-224-4843,http://www.boozman.senate.gov/public/index.cfm/e-mail-me
Eric,Crawford,AR,Qualified,1/22/1966,202-225-4076,http://crawford.house.gov/contact/
Steve,Womack,AR,Qualified,2/18/1957,202-225-4301,https://womack.house.gov/contact/contactform.htm
Tom,Cotton,AR,Qualified,5/13/1977,202-224-2353,
French,Hill,AR,Qualified,12/5/1956,202-225-2506,
Bruce,Westerman,AR,Qualified,11/18/1967,202-225-3772,
Dianne,Feinstein,CA,Qualified,6/22/1933,202-224-3841,https://www.feinstein.senate.gov/public/index.cfm/e-mail-me
Karen,Bass,CA,Qualified,10/3/1953,202-225-7084,https://bass.house.gov/contact-me/email-me
Xavier,Becerra,CA,Qualified,1/26/1958,202-225-6235,http://becerraforms.house.gov/forms/writeyourrep/
Barbara,Boxer,CA,Qualified,11/11/1940,202-224-3553,https://www.boxer.senate.gov/contact/shareyourviews.html
Ken,Calvert,CA,Qualified,6/8/1953,202-225-1986,https://calvert.house.gov/contactform/
Lois,Capps,CA,Qualified,1/10/1938,202-225-3601,https://capps.house.gov/contact-me/email-me
Judy,Chu,CA,Qualified,7/7/1953,202-225-5464,http://chu.house.gov/connect-with-me/email-judy
Jim,Costa,CA,Qualified,4/13/1952,202-225-3341,http://www.house.gov/formcosta/issue.htm
Susan,Davis,CA,Qualified,4/13/1944,202-225-2040,https://susandavisforms.house.gov/forms/writeyourrep/
Jeff,Denham,CA,Qualified,7/29/1967,202-225-4540,https://denham.house.gov/contact-me/email-me
Anna,Eshoo,CA,Qualified,12/13/1942,202-225-8104,https://eshoo.house.gov/email-me/
Sam,Farr,CA,Qualified,7/4/1941,202-225-2861,https://forms.house.gov/farr/webforms/issue_subscribe.html
John,Garamendi,CA,Qualified,1/24/1945,202-225-1880,https://garamendi.house.gov/contact-me/email-me
Michael,Honda,CA,Qualified,6/27/1941,202-225-2631,http://honda.house.gov/contact
Duncan,Hunter,CA,Qualified,12/7/1976,202-225-5672,https://hunter.house.gov/contact-me/email-me
Darrell,Issa,CA,Qualified,11/1/1953,202-225-3906,http://issa.house.gov/contact/contact-me
Barbara,Lee,CA,Qualified,7/16/1946,202-225-2661,http://lee.house.gov/contact-the-office/email-me
Zoe,Lofgren,CA,Qualified,12/21/1947,202-225-3072,http://lofgren.house.gov/contact/
Doris,Matsui,CA,Qualified,9/25/1944,202-225-7163,https://matsui.house.gov/email-representative-matsui
Kevin,McCarthy,CA,Qualified,1/26/1965,202-225-2915,https://kevinmccarthy.house.gov/contact/email-me
Tom,McClintock,CA,Qualified,7/10/1956,202-225-2511,https://mcclintockforms.house.gov/forms/contact-form.shtml
Jerry,McNerney,CA,Qualified,6/18/1951,202-225-1947,https://mcnerney.house.gov/contact/email-me
Grace,Napolitano,CA,Qualified,12/4/1936,202-225-5256,https://napolitano.house.gov/contact-me/email-me
Devin,Nunes,CA,Qualified,10/1/1973,202-225-2523,https://nunes.house.gov/contactform/default.aspx
Nancy,Pelosi,CA,Qualified,3/26/1940,202-225-4965,http://pelosi.house.gov/contact-me/email-me
Dana,Rohrabacher,CA,Qualified,6/21/1947,202-225-2415,https://rohrabacher.house.gov/contact/email-me
Lucille,Roybal-Allard,CA,Qualified,6/12/1941,202-225-1766,http://roybal-allard.house.gov/contact/
Edward,Royce,CA,Qualified,10/12/1951,202-225-4111,https://royce.house.gov/contact/contactform.htm
Loretta,Sanchez,CA,Qualified,1/7/1960,202-225-2965,https://lorettasanchez.house.gov/contact-me/email-me
Adam,Schiff,CA,Qualified,6/22/1960,202-225-4176,https://schiff.house.gov/contact
Brad,Sherman,CA,Qualified,10/24/1954,202-225-5911,http://sherman.house.gov/contact/contact-congressman-sherman-form
Jackie,Speier,CA,Qualified,5/14/1950,202-225-3531,https://forms.house.gov/speier/webforms/email_jackie.shtml
Linda,Sánchez,CA,Qualified,1/28/1969,202-225-6676,https://forms.house.gov/lindasanchez/webforms/issue_subscribe.htm
Mike,Thompson,CA,Qualified,1/24/1951,202-225-3311,https://mikethompson.house.gov/contact/email-me
Maxine,Waters,CA,Qualified,8/15/1938,202-225-2201,https://waters.house.gov/contact/contactform.htm
Janice,Hahn,CA,Qualified,3/30/1952,202-225-8220,https://hahn.house.gov/contact-me/email-me
Doug,LaMalfa,CA,Qualified,7/2/1960,202-225-3076,https://lamalfa.house.gov/contact/email-me
Jared,Huffman,CA,Qualified,2/18/1964,202-225-5161,https://huffman.house.gov/contact/email-me
Ami,Bera,CA,Qualified,3/2/1965,202-225-5716,https://beraforms.house.gov/forms/writeyourrep/
Paul,Cook,CA,Qualified,3/3/1943,202-225-5861,https://cook.house.gov/contact/email-me
Eric,Swalwell,CA,Qualified,11/16/1980,202-225-5065,http://swalwell.house.gov/contact-me/email-eric/
David,Valadao,CA,Qualified,4/14/1977,202-225-4695,http://valadao.house.gov/contact/
Julia,Brownley,CA,Qualified,8/28/1952,202-225-5811,https://juliabrownley.house.gov/contact/email-me
Tony,Cárdenas,CA,Qualified,3/31/1963,202-225-6131,https://cardenas.house.gov/contact/email-me
Raul,Ruiz,CA,Qualified,8/25/1972,202-225-5330,https://ruiz.house.gov/email-me
Mark,Takano,CA,Qualified,12/10/1960,202-225-2305,https://takano.house.gov/contact/email-me
Alan,Lowenthal,CA,Qualified,3/8/1941,202-225-7924,http://lowenthal.house.gov/contact/howtocontactme.htm
Juan,Vargas,CA,Qualified,3/7/1961,202-225-8045,https://vargas.house.gov/contact
Scott,Peters,CA,Qualified,6/17/1958,202-225-0508,https://scottpeters.house.gov/contact/email-me
Mark,DeSaulnier,CA,Qualified,3/31/1952,202-225-2095,
Steve,Knight,CA,Qualified,12/17/1966,202-225-1956,
Pete,Aguilar,CA,Qualified,6/19/1979,202-225-3201,
Ted,Lieu,CA,Qualified,3/29/1969,202-225-3976,
Norma,Torres,CA,Qualified,4/4/1965,202-225-6161,
Mimi,Walters,CA,Qualified,5/14/1962,202-225-5611,
Michael,Bennet,CO,Qualified,11/28/1964,202-224-5852,http://www.bennet.senate.gov/contact/email
Mike,Coffman,CO,Qualified,3/19/1955,202-225-7882,https://coffman.house.gov/contact/email-me
Diana,DeGette,CO,Qualified,7/29/1957,202-225-4431,https://degette.house.gov/contact/send-me-an-email/email-me
Cory,Gardner,CO,Qualified,8/22/1974,202-224-5941,
Doug,Lamborn,CO,Qualified,5/24/1954,202-225-4422,https://lambornforms.house.gov/contact-form
Ed,Perlmutter,CO,Qualified,5/1/1953,202-225-2645,https://forms.house.gov/perlmutter/webforms/contact.shtml
Jared,Polis,CO,Qualified,5/12/1975,202-225-2161,https://polis.house.gov/forms/writeyourrep/default.aspx
Scott,Tipton,CO,Qualified,11/9/1956,202-225-4761,https://tipton.house.gov/contact-me/email-me
Ken,Buck,CO,Qualified,2/16/1959,202-225-4676,
Richard,Blumenthal,CT,Qualified,2/13/1946,202-224-2823,https://www.blumenthal.senate.gov/contact/
Joe,Courtney,CT,Qualified,4/6/1953,202-225-2076,https://courtney.house.gov/email-joe1
Rosa,DeLauro,CT,Qualified,3/2/1943,202-225-3661,https://forms.house.gov/delauro/webforms/contact_form_email.shtml
James,Himes,CT,Qualified,7/5/1966,202-225-5541,https://himes.house.gov/contact-me/email-me
John,Larson,CT,Qualified,7/22/1948,202-225-2265,https://forms.house.gov/larson/contact_new.html
Christopher,Murphy,CT,Qualified,8/3/1973,202-224-4041,http://www.murphy.senate.gov/contact
Elizabeth,Esty,CT,Qualified,8/25/1959,202-225-4476,http://esty.house.gov/contact
Thomas,Carper,DE,Qualified,1/23/1947,202-224-2441,http://www.carper.senate.gov/public/index.cfm/email-senator-carper
Chris,Coons,DE,Qualified,9/9/1963,202-224-5042,http://www.coons.senate.gov/contact/
John,Carney,DE,Qualified,5/20/1956,202-225-4165,https://forms.house.gov/carney/webforms/email-me.shtml
Sanford,Bishop,GA,Qualified,2/4/1947,202-225-3631,http://bishop.house.gov/contact
Tom,Graves,GA,Qualified,2/3/1970,202-225-5211,http://tomgraves.house.gov/contact/
John,Isakson,GA,Qualified,12/28/1944,202-224-3643,http://www.isakson.senate.gov/public/index.cfm/email-me
Henry,Johnson,GA,Qualified,10/2/1954,202-225-1605,https://hankjohnson.house.gov/contact-me/email-me
John,Lewis,GA,Qualified,2/21/1940,202-225-3801,https://johnlewis.house.gov/contact-me/email-me-zip
Tom,Price,GA,Qualified,10/8/1954,202-225-4501,https://tomprice.house.gov/contact-me
Austin,Scott,GA,Qualified,12/10/1969,202-225-6531,https://austinscott.house.gov/email-me/
David,Scott,GA,Qualified,6/27/1945,202-225-2939,https://davidscott.house.gov/contact/contactform.htm
Lynn,Westmoreland,GA,Qualified,4/2/1950,202-225-5901,https://westmoreland.house.gov/email-me
Rob,Woodall,GA,Qualified,2/11/1970,202-225-4272,https://woodall.house.gov/contact-me/email-me
Doug,Collins,GA,Qualified,8/16/1966,202-225-9893,https://dougcollins.house.gov/email-me
Buddy,Carter,GA,Qualified,9/6/1957,202-225-5831,
Jody,Hice,GA,Qualified,4/22/1960,202-225-4101,
Barry,Loudermilk,GA,Qualified,12/22/1963,202-225-2931,
Rick,Allen,GA,Qualified,11/7/1951,202-225-2823,
David,Perdue,GA,Qualified,12/10/1949,202-224-3521,
Mazie,Hirono,HI,Qualified,11/3/1947,202-224-6361,http://www.hirono.senate.gov/contact/email
Brian,Schatz,HI,Qualified,10/20/1972,202-224-3934,http://www.schatz.senate.gov/contact
Tulsi,Gabbard,HI,Qualified,4/12/1981,202-225-4906,https://forms.house.gov/formsgabbard/webforms/email-me.shtml
Mark,Takai,HI,Qualified,7/1/1967,202-225-2726,
James,Risch,ID,Qualified,5/3/1943,202-224-2752,http://www.risch.senate.gov/public/index.cfm?p=Email
Michael,Crapo,ID,Qualified,5/20/1951,202-224-6142,http://www.crapo.senate.gov/contact/email.cfm
Raúl,Labrador,ID,Qualified,12/8/1967,202-225-6611,https://labradorforms.house.gov/email-me
Michael,Simpson,ID,Qualified,9/8/1950,202-225-5531,http://simpson.house.gov/contact/
Richard,Durbin,IL,Qualified,11/21/1944,202-224-2152,http://www.durbin.senate.gov/public/index.cfm/contact
Danny,Davis,IL,Qualified,9/6/1941,202-225-5006,https://davis.house.gov/email-me
Luis,Gutiérrez,IL,Qualified,12/10/1953,202-225-8203,http://gutierrezforms.house.gov/contact/
Randy,Hultgren,IL,Qualified,3/1/1966,202-225-2976,https://hultgren.house.gov/contact/email-randy
Adam,Kinzinger,IL,Qualified,2/27/1978,202-225-3635,https://kinzinger.house.gov/email-adam
Mark,Kirk,IL,Qualified,9/15/1959,202-224-2854,http://www.kirk.senate.gov/?p=comment_on_legislation
Daniel,Lipinski,IL,Qualified,7/15/1966,202-225-5701,https://lipinskiforms.house.gov/contact-form
Mike,Quigley,IL,Qualified,10/17/1958,202-225-4061,https://quigleyforms.house.gov/forms/writeyourrep/
Peter,Roskam,IL,Qualified,9/13/1961,202-225-4561,https://roskam.house.gov/contact/email-me
Bobby,Rush,IL,Qualified,11/23/1946,202-225-4372,https://rush.house.gov/contact-me/legislative-issues
Janice,Schakowsky,IL,Qualified,5/26/1944,202-225-2111,https://schakowsky.house.gov/write-to-congresswoman-jan-schakowsky
John,Shimkus,IL,Qualified,2/21/1958,202-225-5271,https://shimkus.house.gov/contact/email-me
Bill,Foster,IL,Qualified,10/7/1955,202-225-3515,https://foster.house.gov/contact/email-me
Tammy,Duckworth,IL,Qualified,3/12/1968,202-225-3711,https://duckworth.house.gov/contact/email-me
Rodney,Davis,IL,Qualified,1/5/1970,202-225-2371,https://rodneydavisforms.house.gov/contact/
Cheri,Bustos,IL,Qualified,10/17/1961,202-225-5905,http://bustos.house.gov/contact
Robin,Kelly,IL,Qualified,4/30/1956,202-225-0773,https://robinkelly.house.gov/contact/email-me
Bob,Dold,IL,Qualified,6/23/1969,202-225-4835,
Mike,Bost,IL,Qualified,12/30/1960,202-225-5661,
Darin,LaHood,IL,Qualified,7/5/1968,202-225-6201,https://lahood.house.gov/contact/email
Larry,Bucshon,IN,Qualified,5/31/1962,202-225-4636,https://bucshon.house.gov/contact-me/email-me
André,Carson,IN,Qualified,10/16/1974,202-225-4011,https://carson.house.gov/contact/email-me
Daniel,Coats,IN,Qualified,5/16/1943,202-224-5623,http://www.coats.senate.gov/contact/
Joe,Donnelly,IN,Qualified,9/28/1955,202-224-4814,http://www.donnelly.senate.gov/contact/email-joe
Todd,Rokita,IN,Qualified,2/9/1970,202-225-5037,https://rokita.house.gov/contact-me
Marlin,Stutzman,IN,Qualified,8/31/1976,202-225-4436,http://stutzman.house.gov/contacts/new
Peter,Visclosky,IN,Qualified,8/13/1949,202-225-2461,https://visclosky.house.gov/contact-pete/email-pete
Todd,Young,IN,Qualified,8/24/1972,202-225-5315,https://toddyoungforms.house.gov/give-me-your-opinion
Jackie,Walorski,IN,Qualified,8/17/1963,202-225-3915,https://walorski.house.gov/contact/email-me
Susan,Brooks,IN,Qualified,8/25/1960,202-225-2276,https://susanwbrooks.house.gov/contact/email-me
Luke,Messer,IN,Qualified,2/27/1969,202-225-3021,https://messer.house.gov/contact/email-me
Charles,Grassley,IA,Qualified,9/17/1933,202-224-3744,http://www.grassley.senate.gov/constituents/questions-and-comments
Steve,King,IA,Qualified,5/28/1949,202-225-4426,https://forms.house.gov/king/webforms/issue_subscribe.html
David,Loebsack,IA,Qualified,12/23/1952,202-225-6576,https://loebsack.house.gov/forms/writeyourrep/
Rod,Blum,IA,Qualified,4/26/1955,202-225-2911,
David,Young,IA,Qualified,5/11/1968,202-225-5476,
Joni,Ernst,IA,Qualified,7/1/1970,202-224-3254,
Pat,Roberts,KS,Qualified,4/20/1936,202-224-4774,http://www.roberts.senate.gov/public/index.cfm?p=EmailPat
Tim,Huelskamp,KS,Qualified,11/11/1968,202-225-2715,https://huelskamp.house.gov/contact/email-me
Lynn,Jenkins,KS,Qualified,6/10/1963,202-225-6601,https://lynnjenkins.house.gov/contact-me
Jerry,Moran,KS,Qualified,5/29/1954,202-224-6521,http://www.moran.senate.gov/public/index.cfm/e-mail-jerry
Mike,Pompeo,KS,Qualified,12/30/1963,202-225-6216,https://pompeo.house.gov/contact/contactform.htm?zip5=$ADDRESS_ZIP5
Kevin,Yoder,KS,Qualified,1/8/1976,202-225-2865,https://yoder.house.gov/contact/email-me
Mitch,McConnell,KY,Qualified,2/20/1942,202-224-2541,http://www.mcconnell.senate.gov/public/index.cfm?p=ContactForm
Brett,Guthrie,KY,Qualified,2/18/1964,202-225-3501,http://brettguthrieforms.house.gov/contact/
Rand,Paul,KY,Qualified,1/7/1963,202-224-4343,http://www.paul.senate.gov/?p=contact
Harold,Rogers,KY,Qualified,12/31/1937,202-225-4601,https://halrogers.house.gov/contact/contactform.htm
Ed,Whitfield,KY,Qualified,5/25/1943,202-225-3115,https://whitfield.house.gov/contact/email-me
John,Yarmuth,KY,Qualified,11/4/1947,202-225-5401,http://yarmuth.house.gov/contact-john2/
Thomas,Massie,KY,Qualified,1/13/1971,202-225-3465,http://massieforms.house.gov/contact/
Garland,Barr,KY,Qualified,7/24/1973,202-225-4706,https://barr.house.gov/contact/email-me
Charles,Boustany,LA,Qualified,2/21/1956,202-225-2031,https://boustanyforms.house.gov/contact-me/
Bill,Cassidy,LA,Qualified,9/28/1957,202-224-5824,
John,Fleming,LA,Qualified,7/5/1951,202-225-2777,https://fleming.house.gov/contact/contactform.htm
Cedric,Richmond,LA,Qualified,9/13/1973,202-225-6636,https://richmond.house.gov/contact-me/email-me
Steve,Scalise,LA,Qualified,10/6/1965,202-225-3015,https://scalise.house.gov/contact-me/email-me
David,Vitter,LA,Qualified,5/3/1961,202-224-4623,http://www.vitter.senate.gov/contact/email-senator-vitter
Ralph,Abraham,LA,Qualified,9/16/1954,202-225-8490,
Garret,Graves,LA,Qualified,1/31/1972,202-225-3901,
Susan,Collins,ME,Qualified,12/7/1952,202-224-2523,http://www.collins.senate.gov/public/index.cfm/email
Chellie,Pingree,ME,Qualified,4/2/1955,202-225-6116,https://pingree.house.gov/email-me
Angus,King,ME,Qualified,3/31/1944,202-224-5344,http://www.king.senate.gov/contact
Bruce,Poliquin,ME,Qualified,11/1/1953,202-225-6306,
Benjamin,Cardin,MD,Qualified,10/5/1943,202-224-4524,http://www.cardin.senate.gov/contact/
Elijah,Cummings,MD,Qualified,1/18/1951,202-225-4741,https://cummings.house.gov/contact-me/email-me
Donna,Edwards,MD,Qualified,6/28/1958,202-225-8699,https://forms.house.gov/formdonnaedwards/issue_subscribe.shtml
Andy,Harris,MD,Qualified,1/25/1957,202-225-5311,https://harris.house.gov/contact-me/email-me
Steny,Hoyer,MD,Qualified,6/14/1939,202-225-4131,https://hoyer.house.gov/email-steny
Barbara,Mikulski,MD,Qualified,7/20/1936,202-224-4654,http://www.mikulski.senate.gov/contact/shareyouropinion.cfm
C.,Ruppersberger,MD,Qualified,1/31/1946,202-225-3061,http://ruppersberger.house.gov/contact-dutch/email-dutch
John,Sarbanes,MD,Qualified,5/22/1962,202-225-4016,http://sarbanes.house.gov/federal.asp
Chris,Van Hollen,MD,Qualified,1/10/1959,202-225-5341,http://vanhollen.house.gov/contact/
John,Delaney,MD,Qualified,4/16/1963,202-225-2721,https://delaney.house.gov/contact/email-me
Michael,Capuano,MA,Qualified,1/9/1952,202-225-5111,http://www.house.gov/capuano/contact/email.shtml
William,Keating,MA,Qualified,9/6/1952,202-225-3111,https://forms.house.gov/keating/webforms/contact.shtml
Stephen,Lynch,MA,Qualified,3/31/1955,202-225-8273,https://lynch.house.gov/contact-me/email-me
Edward,Markey,MA,Qualified,7/11/1946,202-224-2742,http://www.markey.senate.gov/contact
James,McGovern,MA,Qualified,11/20/1959,202-225-6101,https://mcgovern.house.gov/contact/email-me
Richard,Neal,MA,Qualified,2/14/1949,202-225-5601,https://forms.house.gov/neal/webforms/Contact_Form.shtml
Niki,Tsongas,MA,Qualified,4/26/1946,202-225-3411,https://tsongas.house.gov/e-mail-niki/
Elizabeth,Warren,MA,Qualified,6/22/1949,202-224-4543,http://www.warren.senate.gov/?p=email_senator#thisForm
Joseph,Kennedy,MA,Qualified,10/4/1980,202-225-5931,https://kennedy.house.gov/contact/email-me
Katherine,Clark,MA,Qualified,7/17/1963,202-225-2836,https://katherineclark.house.gov/index.cfm/email-me
Seth,Moulton,MA,Qualified,10/24/1978,202-225-8020,
Debbie,Stabenow,MI,Qualified,4/29/1950,202-224-4822,http://www.stabenow.senate.gov/?p=contact
Justin,Amash,MI,Qualified,4/18/1980,202-225-3831,https://amash.house.gov/contact-me/email-me
Dan,Benishek,MI,Qualified,4/20/1952,202-225-4735,https://benishek.house.gov/contact-me/email-me
John,Conyers,MI,Qualified,5/16/1929,202-225-5126,https://conyers.house.gov/index.cfm/online-contact-form
Bill,Huizenga,MI,Qualified,1/31/1969,202-225-4401,http://huizenga.house.gov/contact/
Sander,Levin,MI,Qualified,9/6/1931,202-225-4961,https://levin.house.gov/contact-me/email-me
Candice,Miller,MI,Qualified,5/7/1954,202-225-2106,http://candicemiller.house.gov/contact
Gary,Peters,MI,Qualified,12/1/1958,202-224-6221,
Fred,Upton,MI,Qualified,4/23/1953,202-225-3761,http://upton.house.gov/contact/zipauth.htm
Tim,Walberg,MI,Qualified,4/12/1951,202-225-6276,https://walberg.house.gov/contact/contactform.htm
Daniel,Kildee,MI,Qualified,8/11/1958,202-225-3611,https://dankildee.house.gov/contact/email-me
John,Moolenaar,MI,Qualified,5/8/1961,202-225-3561,
Mike,Bishop,MI,Qualified,3/18/1967,202-225-4872,
Dave,Trott,MI,Qualified,10/16/1960,202-225-8171,
Debbie,Dingell,MI,Qualified,11/23/1953,202-225-4071,
Brenda,Lawrence,MI,Qualified,10/18/1954,202-225-5802,
Amy,Klobuchar,MN,Qualified,5/25/1960,202-224-3244,http://www.klobuchar.senate.gov/public/email-amy
Alan,Franken,MN,Qualified,5/21/1951,202-224-5641,http://www.franken.senate.gov/?p=email_al
Keith,Ellison,MN,Qualified,8/4/1963,202-225-4755,http://ellison.house.gov/contact
John,Kline,MN,Qualified,9/6/1947,202-225-2271,http://kline.house.gov/contact/
Betty,McCollum,MN,Qualified,7/12/1954,202-225-6631,https://mccollum.house.gov/contact-me/email-me
Erik,Paulsen,MN,Qualified,5/14/1965,202-225-2871,https://paulsenforms.house.gov/contact-me
Collin,Peterson,MN,Qualified,6/29/1944,202-225-2165,https://collinpeterson.house.gov/contact-me/email-me
Timothy,Walz,MN,Qualified,4/6/1964,202-225-2472,http://walz.house.gov/contact
Richard,Nolan,MN,Qualified,12/17/1943,202-225-6211,https://nolan.house.gov/contact/email-me
Tom,Emmer,MN,Qualified,3/3/1961,202-225-2331,
Roger,Wicker,MS,Qualified,7/5/1951,202-224-6253,http://www.wicker.senate.gov/public/index.cfm/contact
Thad,Cochran,MS,Qualified,12/7/1937,202-224-5054,http://www.cochran.senate.gov/public/index.cfm/email-me
Gregg,Harper,MS,Qualified,6/1/1956,202-225-5031,https://harperforms.house.gov/forms/writeyourrep/
Steven,Palazzo,MS,Qualified,2/21/1970,202-225-5772,http://palazzo.house.gov/contact/
Bennie,Thompson,MS,Qualified,1/28/1948,202-225-5876,https://forms.house.gov/benniethompson/contact-form.shtml
Trent,Kelly,MS,Qualified,3/1/1966,202-225-4306,https://trentkelly.house.gov/contact
Claire,McCaskill,MO,Qualified,7/24/1953,202-224-6154,http://www.mccaskill.senate.gov/?p=contact
Roy,Blunt,MO,Qualified,1/10/1950,202-224-5721,http://www.blunt.senate.gov/public/index.cfm/contact-form?p=contact-roy
Wm.,Clay,MO,Qualified,7/27/1956,202-225-2406,http://lacyclay.house.gov/contact-form/
Emanuel,Cleaver,MO,Qualified,10/26/1944,202-225-4535,https://cleaver.house.gov/contact/email-me
Sam,Graves,MO,Qualified,11/7/1963,202-225-7041,https://gravesforms.house.gov/email-sam
Vicky,Hartzler,MO,Qualified,10/13/1960,202-225-2876,https://hartzler.house.gov/contact-me/email-me
Billy,Long,MO,Qualified,8/11/1955,202-225-6536,https://longforms.house.gov/email-billy
Blaine,Luetkemeyer,MO,Qualified,5/7/1952,202-225-2956,https://luetkemeyer.house.gov/forms/writeyourrep/
Ann,Wagner,MO,Qualified,9/13/1962,202-225-1621,https://wagner.house.gov/contact/email-me
Jason,Smith,MO,Qualified,6/16/1980,202-225-4404,https://jasonsmith.house.gov/contact/email-me
Jon,Tester,MT,Qualified,8/21/1956,202-224-2644,http://www.tester.senate.gov/?p=email_senator
Steve,Daines,MT,Qualified,8/20/1962,202-224-2651,
Ryan,Zinke,MT,Qualified,11/1/1961,202-225-3211,
Jeff,Fortenberry,NE,Qualified,12/27/1960,202-225-4806,https://fortenberry.house.gov/contact-me1
Adrian,Smith,NE,Qualified,12/19/1970,202-225-6435,https://adriansmith.house.gov/contact-me/email-me
Deb,Fischer,NE,Qualified,3/1/1951,202-224-6551,http://www.fischer.senate.gov/public/?p=email-deb
Brad,Ashford,NE,Qualified,11/10/1949,202-225-4155,
Benjamin,Sasse,NE,Qualified,2/22/1972,202-224-4224,
Joseph,Heck,NV,Qualified,10/30/1961,202-225-3252,https://heck.house.gov/contact-me
Harry,Reid,NV,Qualified,12/2/1939,202-224-3542,http://www.reid.senate.gov/contact
Dean,Heller,NV,Qualified,5/10/1960,202-224-6244,http://www.heller.senate.gov/public/index.cfm/contact-form
Mark,Amodei,NV,Qualified,6/12/1958,202-225-6155,https://amodei.house.gov/contact-us
Dina,Titus,NV,Qualified,5/23/1950,202-225-5965,https://titus.house.gov/contact/email-me
Cresent,Hardy,NV,Qualified,6/23/1957,202-225-9894,
Jeanne,Shaheen,NH,Qualified,1/28/1947,202-224-2841,http://www.shaheen.senate.gov/contact/
Kelly,Ayotte,NH,Qualified,6/27/1968,202-224-3324,http://www.ayotte.senate.gov/?p=contact
Ann,Kuster,NH,Qualified,9/5/1956,202-225-5206,https://kuster.house.gov/contact/email-me
Frank,Guinta,NH,Qualified,9/26/1970,202-225-5456,
Robert,Menéndez,NJ,Qualified,1/1/1954,202-224-4744,http://www.menendez.senate.gov/contact
Rodney,Frelinghuysen,NJ,Qualified,4/29/1946,202-225-5034,https://frelinghuysenforms.house.gov/contact-form
Scott,Garrett,NJ,Qualified,7/9/1959,202-225-4465,https://garrettforms.house.gov/forms/writeyourrep/?zip5=07452&zip4=3321
Leonard,Lance,NJ,Qualified,6/25/1952,202-225-5361,https://lance.house.gov/contact-me1
Frank,LoBiondo,NJ,Qualified,5/12/1946,202-225-6572,https://lobiondo.house.gov/contact-me/email-me
Frank,Pallone,NJ,Qualified,10/30/1951,202-225-4671,https://pallone.house.gov/contact-me/email-me
Bill,Pascrell,NJ,Qualified,1/25/1937,202-225-5751,https://pascrell.house.gov/contact/email-me
Albio,Sires,NJ,Qualified,1/26/1951,202-225-7919,https://sires.house.gov/contact-me/email-me
Christopher,Smith,NJ,Qualified,3/4/1953,202-225-3765,https://chrissmith.house.gov/contact/write.htm
Donald,Payne,NJ,Qualified,12/17/1958,202-225-3436,http://payne.house.gov/contact/email-me
Cory,Booker,NJ,Qualified,4/27/1969,202-224-3224,http://www.booker.senate.gov/?p=contact
Donald,Norcross,NJ,Qualified,12/13/1958,202-225-6501,http://norcross.house.gov/contact
Tom,MacArthur,NJ,Qualified,10/16/1960,202-225-4765,
Bonnie,Watson Coleman,NJ,Qualified,2/6/1945,202-225-5801,
Kirsten,Gillibrand,NY,Qualified,12/9/1966,202-224-4451,http://www.gillibrand.senate.gov/contact/
Yvette,Clarke,NY,Qualified,11/21/1964,202-225-6231,https://clarke.house.gov/contact/email-me
Joseph,Crowley,NY,Qualified,3/16/1962,202-225-3965,https://crowley.house.gov/contact-me/email-me
Eliot,Engel,NY,Qualified,2/18/1947,202-225-2464,https://engel.house.gov/write-your-rep1
Christopher,Gibson,NY,Qualified,5/13/1964,202-225-5614,http://gibson.house.gov/contact/
Richard,Hanna,NY,Qualified,1/25/1951,202-225-3665,https://hanna.house.gov/email-me
Brian,Higgins,NY,Qualified,10/6/1959,202-225-3306,http://higgins.house.gov/contact/email-brian
Steve,Israel,NY,Qualified,5/30/1958,202-225-3335,https://israel.house.gov/contact/email-me
Peter,King,NY,Qualified,4/5/1944,202-225-7896,https://peteking.house.gov/contact/email-me
Nita,Lowey,NY,Qualified,7/5/1937,202-225-6506,https://lowey.house.gov/contact-form/
Carolyn,Maloney,NY,Qualified,2/19/1946,202-225-7944,https://maloney.house.gov/contact-me/email-me
Gregory,Meeks,NY,Qualified,9/25/1953,202-225-3461,https://meeks.house.gov/contact-me/email-me
Jerrold,Nadler,NY,Qualified,6/13/1947,202-225-5635,https://jerroldnadler.house.gov/forms/writeyourrep/default.aspx
Charles,Rangel,NY,Qualified,6/11/1930,202-225-4365,https://rangel.house.gov/contact-me/email-me
Tom,Reed,NY,Qualified,11/18/1971,202-225-3161,https://reed.house.gov/contact-me/email-me
Charles,Schumer,NY,Qualified,11/23/1950,202-224-6542,http://www.schumer.senate.gov/Contact/email-chuck
José,Serrano,NY,Qualified,10/24/1943,202-225-4361,https://serrano.house.gov/contact-me/email-me
Louise,Slaughter,NY,Qualified,8/14/1929,202-225-3615,https://louise.house.gov/contact-louise
Paul,Tonko,NY,Qualified,6/18/1949,202-225-5076,https://tonko.house.gov/email-form1
Nydia,Velázquez,NY,Qualified,3/28/1953,202-225-2361,http://velazquez.house.gov/IMA/issue_subscribe.shtml
Grace,Meng,NY,Qualified,10/1/1975,202-225-2601,https://meng.house.gov/contact/email-me
Hakeem,Jeffries,NY,Qualified,8/4/1970,202-225-5936,https://jeffriesforms.house.gov/contact/
Sean,Maloney,NY,Qualified,7/30/1966,202-225-5441,https://seanmaloney.house.gov/contact/email-me
Chris,Collins,NY,Qualified,5/20/1950,202-225-5265,https://chriscollins.house.gov/contact/email-me
Lee,Zeldin,NY,Qualified,1/30/1980,202-225-3826,
Kathleen,Rice,NY,Qualified,2/15/1965,202-225-5516,
Elise,Stefanik,NY,Qualified,7/2/1984,202-225-4611,
John,Katko,NY,Qualified,11/9/1962,202-225-3701,
Daniel,Donovan,NY,Qualified,11/6/1956,202-225-3371,
Tom,Udall,NM,Qualified,5/18/1948,202-224-6621,http://www.tomudall.senate.gov/?p=contact
Martin,Heinrich,NM,Qualified,10/17/1971,202-224-5521,http://www.heinrich.senate.gov/contact/write-martin
Ben,Luj�n,NM,Likely,6/7/1972,202-225-6190,https://forms.house.gov/lujan/contact-form.shtml
Stevan,Pearce,NM,Unlikely,8/24/1947,202-225-2365,https://pearce.house.gov/contact-me/email-me
Michelle,Lujan Grisham,NM,Unlikely,10/24/1959,202-225-6316,http://lujangrisham.house.gov/contact/email-me/
Richard,Burr,NC,Qualified,11/30/1955,202-224-3154,http://www.burr.senate.gov/public/index.cfm?FuseAction=Contact.ContactForm
George,Butterfield,NC,Qualified,4/27/1947,202-225-3101,https://butterfield.house.gov/email-congressman-butterfield
Renee,Ellmers,NC,Qualified,2/9/1964,202-225-4531,https://ellmersforms.house.gov/contact-us1
Virginia,Foxx,NC,Qualified,6/29/1943,202-225-2071,https://foxx.house.gov/forms/writeyourrep/?zip5=&zip4=
Walter,Jones,NC,Qualified,2/10/1943,202-225-3415,https://jones.house.gov/contact-me/email-me
Patrick,McHenry,NC,Qualified,10/22/1975,202-225-2576,http://mchenry.house.gov/contact/zipauth.htm
David,Price,NC,Qualified,8/17/1940,202-225-1784,https://price.house.gov/contact
Richard,Hudson,NC,Qualified,11/4/1971,202-225-3715,https://hudson.house.gov/email-me
Robert,Pittenger,NC,Qualified,8/15/1948,202-225-1976,https://pittenger.house.gov/contact/email-me
Mark,Meadows,NC,Qualified,7/28/1959,202-225-6401,https://meadows.house.gov/email-me
George,Holding,NC,Qualified,4/17/1968,202-225-3032,https://holding.house.gov/contact/email-me
Alma,Adams,NC,Qualified,5/27/1946,202-225-1510,http://adams.house.gov/contact
David,Rouzer,NC,Qualified,2/16/1972,202-225-2731,
Thom,Tillis,NC,Qualified,8/30/1960,202-224-6342,
Mark,Walker,NC,Qualified,5/20/1969,202-225-3065,
John,Hoeven,ND,Qualified,3/13/1957,202-224-2551,http://www.hoeven.senate.gov/public/index.cfm/email-the-senator
Heidi,Heitkamp,ND,Qualified,10/30/1955,202-224-2043,http://www.heitkamp.senate.gov/public/index.cfm/email-heidi
Kevin,Cramer,ND,Qualified,1/21/1961,202-225-2611,https://cramer.house.gov/contact/email-me
Sherrod,Brown,OH,Qualified,11/9/1952,202-224-2315,http://www.brown.senate.gov/contact
Steve,Chabot,OH,Qualified,1/22/1953,202-225-2216,https://chabot.house.gov/forms/writeyourrep/?zip5=45202&zip4=3003
Marcia,Fudge,OH,Qualified,10/29/1952,202-225-7032,https://fudgeforms.house.gov/contact-form
Bob,Gibbs,OH,Qualified,6/14/1954,202-225-6265,https://gibbs.house.gov/contact-me/email-me
Bill,Johnson,OH,Qualified,11/10/1954,202-225-5705,http://billjohnson.house.gov/contact/default.aspx
Jim,Jordan,OH,Qualified,2/17/1964,202-225-2676,http://jordan.house.gov/contact/
Marcy,Kaptur,OH,Qualified,6/17/1946,202-225-4146,https://forms.house.gov/kaptur/webforms/issue_subscribe.shtml
Robert,Latta,OH,Qualified,4/18/1956,202-225-6405,https://latta.house.gov/contact/contactform.htm
Robert,Portman,OH,Qualified,12/19/1955,202-224-3353,https://www.portman.senate.gov/public/index.cfm/contact-form
James,Renacci,OH,Qualified,12/3/1958,202-225-3876,https://renacci.house.gov/index.cfm/contact-form
Tim,Ryan,OH,Qualified,7/16/1973,202-225-5261,http://timryanforms.house.gov/contact/
Steve,Stivers,OH,Qualified,3/24/1965,202-225-2015,https://stivers.house.gov/forms/writeyourrep/
Patrick,Tiberi,OH,Qualified,10/21/1962,202-225-5355,https://tiberi.house.gov/contact/contactform.htm
Michael,Turner,OH,Qualified,1/11/1960,202-225-6465,http://turner.house.gov/contact/
Brad,Wenstrup,OH,Qualified,6/17/1958,202-225-3164,http://wenstrup.house.gov/contact/
Joyce,Beatty,OH,Qualified,3/12/1950,202-225-4324,https://beattyforms.house.gov/forms/writeyourrep/
David,Joyce,OH,Qualified,3/17/1957,202-225-5731,https://joyce.house.gov/email-me
Warren,Davidson,OH,Qualified,3/1/1970,,
James,Inhofe,OK,Qualified,11/17/1934,202-224-4721,http://www.inhofe.senate.gov/contact
Tom,Cole,OK,Qualified,4/28/1949,202-225-6165,https://coleforms.house.gov/contact/default.aspx
James,Lankford,OK,Qualified,3/4/1968,202-224-5754,
Frank,Lucas,OK,Qualified,1/6/1960,202-225-5565,https://lucas.house.gov/contact-me/email-me
Jim,Bridenstine,OK,Qualified,6/15/1975,202-225-2211,https://bridenstineforms.house.gov/forms/writeyourrep/
Markwayne,Mullin,OK,Qualified,7/26/1977,202-225-2701,https://mullin.house.gov/contact/email-me
Steve,Russell,OK,Qualified,5/25/1963,202-225-2132,
Jeff,Merkley,OR,Qualified,10/24/1956,202-224-3753,http://www.merkley.senate.gov/contact/
Earl,Blumenauer,OR,Qualified,8/16/1948,202-225-4811,https://forms.house.gov/blumenauer/webforms/issue_subscribe.html
Peter,DeFazio,OR,Qualified,5/27/1947,202-225-6416,https://defazio.house.gov/contact/email-me
Kurt,Schrader,OR,Qualified,10/19/1951,202-225-5711,https://schrader.house.gov/contact
Greg,Walden,OR,Qualified,1/10/1957,202-225-6730,https://walden.house.gov/e-mail-greg
Ron,Wyden,OR,Qualified,5/3/1949,202-224-5244,http://www.wyden.senate.gov/contact
Suzanne,Bonamici,OR,Qualified,10/14/1954,202-225-0855,https://bonamici.house.gov/contact-me/email-me
Robert,Casey,PA,Qualified,4/13/1960,202-224-6324,http://www.casey.senate.gov/contact/
Lou,Barletta,PA,Qualified,1/28/1956,202-225-6511,https://barletta.house.gov/contact/email-me
Robert,Brady,PA,Qualified,4/7/1945,202-225-4731,https://brady.house.gov/contact-me/email-me
Charles,Dent,PA,Qualified,5/24/1960,202-225-6411,https://dent.house.gov/?p=ContactForm
Michael,Doyle,PA,Qualified,8/5/1953,202-225-2135,https://doyle.house.gov/contact-me/email-me
Chaka,Fattah,PA,Qualified,11/21/1956,202-225-4001,https://fattahforms.house.gov/contact-rep-fattah
Michael,Fitzpatrick,PA,Qualified,6/28/1963,202-225-4276,https://fitzpatrick.house.gov/contact-me/email-me
Mike,Kelly,PA,Qualified,5/10/1948,202-225-5406,https://kelly.house.gov/contact-me/email-me
Tom,Marino,PA,Qualified,8/15/1952,202-225-3731,https://marino.house.gov/contact-me/email-me
Patrick,Meehan,PA,Qualified,10/20/1955,202-225-2011,https://meehan.house.gov/email-me
Tim,Murphy,PA,Qualified,9/11/1952,202-225-2301,https://murphy.house.gov/contact-me
Joseph,Pitts,PA,Qualified,10/10/1939,202-225-2411,https://pitts.house.gov/contact-me/legislative-contact-form
Bill,Shuster,PA,Qualified,1/10/1961,202-225-2431,http://shuster.house.gov/contact-form/
Glenn,Thompson,PA,Qualified,7/27/1959,202-225-5121,https://thompson.house.gov/contact-me/email-me
Patrick,Toomey,PA,Qualified,11/17/1961,202-224-4254,http://www.toomey.senate.gov/?p=contact
Scott,Perry,PA,Qualified,5/27/1962,202-225-5836,http://perryforms.house.gov/forms/writeyourrep/
Keith,Rothfus,PA,Qualified,4/25/1962,202-225-2065,https://rothfus.house.gov/email-keith
Matthew,Cartwright,PA,Qualified,5/1/1961,202-225-5546,https://cartwrightforms.house.gov/forms/writeyourrep/
Ryan,Costello,PA,Qualified,9/7/1976,202-225-4315,
Brendan,Boyle,PA,Qualified,2/6/1977,202-225-6111,
Sheldon,Whitehouse,RI,Qualified,10/20/1955,202-224-2921,http://www.whitehouse.senate.gov/contact
John,Reed,RI,Qualified,11/12/1949,202-224-4642,http://www.reed.senate.gov/contact/
David,Cicilline,RI,Qualified,7/15/1961,202-225-4911,https://cicilline.house.gov/contact-me/email-me
James,Langevin,RI,Qualified,4/22/1964,202-225-2735,https://langevin.house.gov/contact-me/email-me
Lindsey,Graham,SC,Qualified,7/9/1955,202-224-5972,http://www.lgraham.senate.gov/public/index.cfm?FuseAction=Contact.EmailSenatorGraham
James,Clyburn,SC,Qualified,7/21/1940,202-225-3315,https://clyburn.house.gov/contact-me/email-me
Jeff,Duncan,SC,Qualified,1/7/1966,202-225-5301,https://jeffduncan.house.gov/contact-me/email-me
Trey,Gowdy,SC,Qualified,8/22/1964,202-225-6030,https://gowdy.house.gov/forms/writeyourrep/default.aspx
Mick,Mulvaney,SC,Qualified,7/21/1967,202-225-5501,https://mulvaney.house.gov/email-mick/
Tim,Scott,SC,Qualified,9/19/1965,202-224-6121,http://www.scott.senate.gov/contact/email-me
Joe,Wilson,SC,Qualified,7/31/1947,202-225-2452,https://joewilson.house.gov/forms/writeyourrep/default.aspx
Tom,Rice,SC,Qualified,8/4/1957,202-225-9895,https://tomriceforms.house.gov/forms/writeyourrep/
Marshall,Sanford,SC,Qualified,5/28/1960,202-225-3176,https://sanford.house.gov/contact/email-me
Kristi,Noem,SD,Qualified,11/30/1971,202-225-2801,http://noem.house.gov/index.cfm/email-kristi
John,Thune,SD,Qualified,1/7/1961,202-224-2321,http://www.thune.senate.gov/public/index.cfm/contact
Mike,Rounds,SD,Qualified,10/24/1954,202-224-5842,
Bob,Corker,TN,Qualified,8/24/1952,202-224-3344,http://www.corker.senate.gov/public/index.cfm/emailme
Lamar,Alexander,TN,Qualified,7/3/1940,202-224-4944,http://www.alexander.senate.gov/public/index.cfm?p=Email
Diane,Black,TN,Qualified,1/16/1951,202-225-4231,https://black.house.gov/contact-me/email-me
Marsha,Blackburn,TN,Qualified,6/6/1952,202-225-2811,https://blackburn.house.gov/contactform/email.htm
Steve,Cohen,TN,Qualified,5/24/1949,202-225-3265,https://cohen.house.gov/contact-me/email-me
Jim,Cooper,TN,Qualified,6/19/1954,202-225-4311,https://cooper.house.gov/contact/email-me
Scott,DesJarlais,TN,Qualified,2/21/1964,202-225-6831,http://desjarlais.house.gov/contact/email-me
John,Duncan,TN,Qualified,7/21/1947,202-225-5435,https://duncan.house.gov/contact-me/email-me
Stephen,Fincher,TN,Qualified,2/7/1973,202-225-4714,https://fincher.house.gov/contact/email-me#.U06uR_ldWVo
Charles,Fleischmann,TN,Qualified,10/11/1962,202-225-3271,https://fleischmann.house.gov/contact-me/email-me
David,Roe,TN,Qualified,7/21/1945,202-225-6356,https://roe.house.gov/contact/contactform.htm?zip5=37813&zip4=1659
John,Cornyn,TX,Qualified,2/2/1952,202-224-2934,http://www.cornyn.senate.gov/public/index.cfm?p=ContactForm
Joe,Barton,TX,Qualified,9/15/1949,202-225-2002,https://joebarton.house.gov/contact1/
Kevin,Brady,TX,Qualified,4/11/1955,202-225-4901,https://kevinbrady.house.gov/contact-form
Michael,Burgess,TX,Qualified,12/23/1950,202-225-7772,http://burgess.house.gov/contact/356345.htm
John,Carter,TX,Qualified,11/6/1941,202-225-3864,https://carter.house.gov/email-john2
K.,Conaway,TX,Qualified,6/11/1948,202-225-3605,https://conaway.house.gov/forms/writeyourrep/default.aspx
Henry,Cuellar,TX,Qualified,9/19/1955,202-225-1640,https://cuellar.house.gov/forms/writeyourrep/default.aspx
John,Culberson,TX,Qualified,8/24/1956,202-225-2571,https://culbersonforms.house.gov/forms/writeyourrep/default.aspx
Lloyd,Doggett,TX,Qualified,10/6/1946,202-225-4865,https://forms.house.gov/doggett/webforms/issue_subscribe.htm
Blake,Farenthold,TX,Qualified,12/12/1961,202-225-7742,http://farentholdforms.house.gov/contact/email.htm
Bill,Flores,TX,Qualified,2/25/1954,202-225-6105,https://billflores.house.gov/contact/
Louie,Gohmert,TX,Qualified,8/18/1953,202-225-3035,http://gohmert.house.gov/contact/
Kay,Granger,TX,Qualified,1/18/1943,202-225-5071,http://kaygranger.house.gov/contact-kay/email-me
Al,Green,TX,Qualified,9/1/1947,202-225-7508,https://algreen.house.gov/contact-me/email-me
Gene,Green,TX,Qualified,10/17/1947,202-225-1688,https://green.house.gov/contact-me/email-me
Jeb,Hensarling,TX,Qualified,5/29/1957,202-225-3484,https://hensarling.house.gov/contact/email-me
Rubén,Hinojosa,TX,Qualified,8/20/1940,202-225-2531,https://hinojosa.house.gov/contact-me/email-me
Sheila,Jackson Lee,TX,Qualified,1/12/1950,202-225-3816,http://jacksonlee.house.gov/contact/
Eddie,Johnson,TX,Qualified,12/3/1935,202-225-8885,https://ebjohnson.house.gov/contact/email-me
Sam,Johnson,TX,Qualified,10/11/1930,202-225-4201,http://samjohnson.house.gov/contact/
Kenny,Marchant,TX,Qualified,2/23/1951,202-225-6605,https://marchant.house.gov/contact/contactform.htm
Michael,McCaul,TX,Qualified,1/14/1962,202-225-2401,https://mccaul.house.gov/contact/email-me
Randy,Neugebauer,TX,Qualified,12/24/1949,202-225-4005,https://randy.house.gov/contact-me/email-me
Pete,Olson,TX,Qualified,12/9/1962,202-225-5951,https://forms.house.gov/olson/contact-form.shtml
Ted,Poe,TX,Qualified,9/10/1948,202-225-6565,https://poe.house.gov/index.cfm/contact-form#form_D05B44B5-B782-4DC7-BED6-FF0C90951FFF
Pete,Sessions,TX,Qualified,3/22/1955,202-225-2231,https://sessions.house.gov/index.cfm/contact-form
Lamar,Smith,TX,Qualified,11/19/1947,202-225-4236,http://lamarsmith.house.gov/contact/email-lamar
Mac,Thornberry,TX,Qualified,7/15/1958,202-225-3706,https://thornberry.house.gov/forms/writeyourrep/
Ted,Cruz,TX,Qualified,12/22/1970,202-224-5922,http://www.cruz.senate.gov/?p=email_senator
Randy,Weber,TX,Qualified,7/2/1953,202-225-2831,https://weber.house.gov/contact/email-me
Beto,O'Rourke,TX,Qualified,9/26/1972,202-225-4831,https://orourkeforms.house.gov/forms/writeyourrep/
Joaquin,Castro,TX,Qualified,9/16/1974,202-225-3236,https://castro.house.gov/contact/email-me
Roger,Williams,TX,Qualified,9/13/1949,202-225-9896,https://williams.house.gov/contact/email-me
Marc,Veasey,TX,Qualified,1/3/1971,202-225-9897,https://veaseyforms.house.gov/forms/writeyourrep/
Filemon,Vela,TX,Qualified,2/13/1963,202-225-9901,https://forms.house.gov/vela/webforms/email-me.shtml
John,Ratcliffe,TX,Qualified,10/20/1965,202-225-6673,
Will,Hurd,TX,Qualified,8/19/1977,202-225-4511,
Brian,Babin,TX,Qualified,3/23/1948,202-225-1555,
Orrin,Hatch,UT,Qualified,3/22/1934,202-224-5251,http://www.hatch.senate.gov/public/index.cfm/contact?p=Email-Orrin
Rob,Bishop,UT,Qualified,7/13/1951,202-225-0453,https://robbishop.house.gov/contact/contactform.htm
Jason,Chaffetz,UT,Qualified,3/26/1967,202-225-7751,https://chaffetz.house.gov/contact-me/email-me
Mike,Lee,UT,Qualified,6/4/1971,202-224-5444,http://www.lee.senate.gov/public/index.cfm/contact
Chris,Stewart,UT,Qualified,7/15/1960,202-225-9730,https://stewart.house.gov/contact/email-me
Mia,Love,UT,Qualified,12/6/1975,202-225-3011,
Bernard,Sanders,VT,Qualified,9/8/1941,202-224-5141,http://www.sanders.senate.gov/contact/comment
Patrick,Leahy,VT,Qualified,3/31/1940,202-224-4242,https://www.leahy.senate.gov/contact/
Peter,Welch,VT,Qualified,5/2/1947,202-225-4115,https://welch.house.gov/email-me
Mark,Warner,VA,Qualified,12/15/1954,202-224-2023,http://www.warner.senate.gov/public//index.cfm?p=ContactPage#form_f9db6196-2dc7-4cda-8add-f8435a71318a
Gerald,Connolly,VA,Qualified,3/30/1950,202-225-1492,https://forms.house.gov/connolly/contact-form.shtml
J.,Forbes,VA,Qualified,2/17/1952,202-225-6365,https://forbes.house.gov/contact/contactform.htm
Bob,Goodlatte,VA,Qualified,9/22/1952,202-225-5431,http://goodlatte.house.gov/contacts/new
H.,Griffith,VA,Qualified,3/15/1958,202-225-3861,https://morgangriffith.house.gov/contact/contactform.htm
Robert,Hurt,VA,Qualified,6/16/1969,202-225-4711,https://hurt.house.gov/index.cfm/email-me
Edward,Rigell,VA,Qualified,5/28/1960,202-225-4215,https://rigell.house.gov/contact/contactform.htm
Robert,Scott,VA,Qualified,4/30/1947,202-225-8351,https://bobbyscott.house.gov/contact/email-me
Robert,Wittman,VA,Qualified,2/3/1959,202-225-4261,https://wittman.house.gov/contact-form/
Timothy,Kaine,VA,Qualified,2/26/1958,202-224-4024,http://www.kaine.senate.gov/contact
David,Brat,VA,Qualified,7/27/1964,202-225-2815,http://brat.house.gov/contact
Donald,Beyer,VA,Qualified,6/20/1950,202-225-4376,
Barbara,Comstock,VA,Qualified,6/30/1959,202-225-5136,
Maria,Cantwell,WA,Qualified,10/13/1958,202-224-3441,http://www.cantwell.senate.gov/public/index.cfm/email-maria
Jaime,Herrera Beutler,WA,Qualified,11/3/1978,202-225-3536,http://herrerabeutler.house.gov/contact/
Rick,Larsen,WA,Qualified,6/15/1965,202-225-2605,http://larsen.house.gov/contact-rick/email-rick
Jim,McDermott,WA,Qualified,12/28/1936,202-225-3106,https://forms.house.gov/mcdermott/webforms/new/contact.shtml
Cathy,McMorris Rodgers,WA,Qualified,5/22/1969,202-225-2006,https://mcmorrisforms.house.gov/write-to-cathy1
Patty,Murray,WA,Qualified,10/11/1950,202-224-2621,http://www.murray.senate.gov/public/index.cfm/contactme
David,Reichert,WA,Qualified,8/29/1950,202-225-7761,https://reichert.house.gov/contact-me
Adam,Smith,WA,Qualified,6/15/1965,202-225-8901,https://adamsmith.house.gov/contact/contactform.htm
Suzan,DelBene,WA,Qualified,2/17/1962,202-225-6311,http://delbene.house.gov/contact-me/email-me
Derek,Kilmer,WA,Qualified,1/1/1974,202-225-5916,https://kilmer.house.gov/contact/email-me
Denny,Heck,WA,Qualified,7/29/1952,202-225-9740,https://dennyheck.house.gov/contact/email-me
Dan,Newhouse,WA,Qualified,7/10/1955,202-225-5816,
Joe,Manchin,WV,Qualified,8/24/1947,202-224-3954,http://www.manchin.senate.gov/public/index.cfm/contact-form
Shelley,Capito,WV,Qualified,11/26/1953,202-224-6472,
David,McKinley,WV,Qualified,3/28/1947,202-225-4172,https://mckinleyforms.house.gov/email-me
Alex,Mooney,WV,Qualified,6/5/1971,202-225-2711,
Evan,Jenkins,WV,Qualified,9/12/1960,202-225-3452,
Tammy,Baldwin,WI,Qualified,2/11/1962,202-224-5653,http://www.baldwin.senate.gov/contact
Sean,Duffy,WI,Qualified,10/3/1971,202-225-3365,http://duffy.house.gov/contact
Ron,Johnson,WI,Qualified,4/8/1955,202-224-5323,http://www.ronjohnson.senate.gov/public/index.cfm/contact
Ron,Kind,WI,Qualified,3/16/1963,202-225-5506,https://kindforms.house.gov/email-ron
Gwen,Moore,WI,Qualified,4/18/1951,202-225-4572,https://gwenmoore.house.gov/contact-form
Reid,Ribble,WI,Qualified,4/5/1956,202-225-5665,https://ribble.house.gov/contact-me/email-me
Paul,Ryan,WI,Qualified,1/29/1970,202-225-3031,https://paulryan.house.gov/contact/email.htm#.U032ra1dU_d
F.,Sensenbrenner,WI,Qualified,6/14/1943,202-225-5101,http://sensenbrenner.house.gov/contact/email.htm
Mark,Pocan,WI,Qualified,8/14/1964,202-225-2906,https://pocan.house.gov/contact/email-me
Glenn,Grothman,WI,Qualified,7/3/1955,202-225-2476,
John,Barrasso,WY,Qualified,7/21/1952,202-224-6441,http://www.barrasso.senate.gov/public/index.cfm?FuseAction=ContactUs.ContactForm
Michael,Enzi,WY,Qualified,2/1/1944,202-224-3424,http://www.enzi.senate.gov/public/index.cfm/contact?p=e-mail-senator-enzi
Cynthia,Lummis,WY,Qualified,9/10/1954,202-225-2311,http://lummis.house.gov/contact/
